{
  "lr": {
    "model": "LogisticRegression",
    "threshold": 0.5499999999999999,
    "accuracy": 0.7244320415061709,
    "precision": 0.1828823350562481,
    "recall": 0.4237407537865446,
    "f1": 0.2554953806944887,
    "confusion_matrix": [
      [
        17228,
        5375
      ],
      [
        1636,
        1203
      ]
    ]
  },
  "rf": {
    "model": "RandomForest",
    "threshold": 0.49999999999999994,
    "accuracy": 0.6951890574640358,
    "precision": 0.18551688843398156,
    "recall": 0.510743219443466,
    "f1": 0.2721726888784608,
    "confusion_matrix": [
      [
        16237,
        6366
      ],
      [
        1389,
        1450
      ]
    ]
  }
}