{
  "accuracy": 0.8668831168831169,
  "precision": 0.8646616541353384,
  "recall": 0.9787234042553191,
  "f1": 0.9181636726546906,
  "execution_time_sec": 1.0777406692504883
}